{"name":"10717d96-b9c4-4839-8ffb-bd764c05b77f","id":"/providers/Microsoft.Flow/flows/10717d96-b9c4-4839-8ffb-bd764c05b77f","type":"Microsoft.Flow/flows","properties":{"apiId":"/providers/Microsoft.PowerApps/apis/shared_logicflows","displayName":"CRUD_Scenario","definition":{"metadata":{"workflowEntityId":null,"processAdvisorMetadata":null,"flowclientsuspensionreason":"None","flowclientsuspensiontime":null,"creator":{"id":"a887bbae-6c13-4ded-949d-0ce8ffa3d081","type":"User","tenantId":"de6cd99a-ae07-4b95-aa1c-9503ef027338"},"provisioningMethod":"FromDefinition","failureAlertSubscription":true,"clientLastModifiedTime":"2021-05-08T15:41:24.1079977Z"},"$schema":"https://schema.management.azure.com/providers/Microsoft.Logic/schemas/2016-06-01/workflowdefinition.json#","contentVersion":"1.0.0.0","parameters":{"$connections":{"defaultValue":{},"type":"Object"},"$authentication":{"defaultValue":{},"type":"SecureObject"}},"triggers":{"manual":{"type":"Request","kind":"PowerApp","inputs":{"schema":{"type":"object","properties":{"Executestoredprocedure(V2)_ScenarioDescription":{"type":"string","x-ms-powerflows-param-ispartial":false},"Executestoredprocedure(V2)_ScenarioID":{"type":"integer","x-ms-powerflows-param-ispartial":false},"Executestoredprocedure(V2)_ScenarioName":{"type":"string","x-ms-powerflows-param-ispartial":false},"Executestoredprocedure(V2)_TransactionAction":{"type":"string","x-ms-powerflows-param-ispartial":false}},"required":["Executestoredprocedure(V2)_ScenarioDescription","Executestoredprocedure(V2)_ScenarioID","Executestoredprocedure(V2)_ScenarioName","Executestoredprocedure(V2)_TransactionAction"]}}}},"actions":{"Execute_stored_procedure_(V2)":{"runAfter":{},"type":"OpenApiConnection","inputs":{"host":{"apiId":"/providers/Microsoft.PowerApps/apis/shared_sql","connectionName":"shared_sql","operationId":"ExecuteProcedure_V2"},"parameters":{"server":"default","database":"default","procedure":"[app].[CRUD_Scenario]","parameters/ScenarioDescription":"@triggerBody()['Executestoredprocedure(V2)_ScenarioDescription']","parameters/ScenarioID":"@triggerBody()['Executestoredprocedure(V2)_ScenarioID']","parameters/ScenarioName":"@triggerBody()['Executestoredprocedure(V2)_ScenarioName']","parameters/TransactionAction":"@triggerBody()['Executestoredprocedure(V2)_TransactionAction']"},"authentication":{"value":"@json(decodeBase64(triggerOutputs().headers['X-MS-APIM-Tokens']))['$ConnectionKey']","type":"Raw"}}}}},"connectionReferences":{"shared_sql":{"connectionName":"2291f302e3a34695b0f2748fbdcd49c5","source":"Invoker","id":"/providers/Microsoft.PowerApps/apis/shared_sql","tier":"NotSpecified"}},"flowFailureAlertSubscribed":false}}