{"name":"a1de4981-5084-4b3a-9642-5a8cfc66b848","id":"/providers/Microsoft.Flow/flows/a1de4981-5084-4b3a-9642-5a8cfc66b848","type":"Microsoft.Flow/flows","properties":{"apiId":"/providers/Microsoft.PowerApps/apis/shared_logicflows","displayName":"CRUD_Scenario_Configuration","definition":{"metadata":{"workflowEntityId":null,"processAdvisorMetadata":null,"flowclientsuspensionreason":"None","flowclientsuspensiontime":null,"creator":{"id":"a887bbae-6c13-4ded-949d-0ce8ffa3d081","type":"User","tenantId":"de6cd99a-ae07-4b95-aa1c-9503ef027338"},"provisioningMethod":"FromDefinition","failureAlertSubscription":true,"clientLastModifiedTime":"2021-05-08T23:37:33.3007606Z"},"$schema":"https://schema.management.azure.com/providers/Microsoft.Logic/schemas/2016-06-01/workflowdefinition.json#","contentVersion":"1.0.0.0","parameters":{"$connections":{"defaultValue":{},"type":"Object"},"$authentication":{"defaultValue":{},"type":"SecureObject"}},"triggers":{"manual":{"type":"Request","kind":"PowerApp","inputs":{"schema":{"type":"object","properties":{"Executestoredprocedure(V2)_ScenarioJSONData":{"type":"string","x-ms-powerflows-param-ispartial":false}},"required":["Executestoredprocedure(V2)_ScenarioJSONData"]}}}},"actions":{"Execute_stored_procedure_(V2)":{"runAfter":{},"type":"OpenApiConnection","inputs":{"host":{"apiId":"/providers/Microsoft.PowerApps/apis/shared_sql","connectionName":"shared_sql","operationId":"ExecuteProcedure_V2"},"parameters":{"server":"default","database":"default","procedure":"[app].[CRUD_Scenario_Configuration]","parameters/ScenarioJSONData":"@triggerBody()['Executestoredprocedure(V2)_ScenarioJSONData']"},"authentication":{"value":"@json(decodeBase64(triggerOutputs().headers['X-MS-APIM-Tokens']))['$ConnectionKey']","type":"Raw"}}}}},"connectionReferences":{"shared_sql":{"connectionName":"2291f302e3a34695b0f2748fbdcd49c5","source":"Invoker","id":"/providers/Microsoft.PowerApps/apis/shared_sql","tier":"NotSpecified"}},"flowFailureAlertSubscribed":false}}