{"schemaVersion":"1.0","appDefinitionTemplate":{"id":"/providers/Microsoft.PowerApps/apps/","type":"Microsoft.PowerApps/apps","tags":{"primaryDeviceWidth":"1366","primaryDeviceHeight":"768","sienaVersion":"20210511T132251Z-3.21044.25.0","deviceCapabilities":"","supportsPortrait":"false","supportsLandscape":"true","primaryFormFactor":"Tablet","publisherVersion":"3.21044.25","minimumRequiredApiVersion":"2.2.0","hasComponent":"false","hasUnlockedComponent":"false","isUnifiedRootApp":"false"},"properties":{"appVersion":"2021-05-11T13:22:51Z","lifeCycleId":"Published","createdByClientVersion":{"major":3,"minor":21044,"build":25,"revision":0,"majorRevision":0,"minorRevision":0},"minClientVersion":{"major":3,"minor":21044,"build":25,"revision":0,"majorRevision":0,"minorRevision":0},"backgroundColor":"rgba(12, 193, 169, 1)","backgroundImageUri":"/730581327577521314/Na73ee5a5-660f-4199-a4b7-4326618130ce-logoSmallFile","displayName":"Scenario Management","description":"","commitMessage":"","appUris":{"documentUri":{"value":"/730581327577521314/Ndffb602e-7c92-49e9-be98-2bd84df337eb-document.msapp"},"imageUris":[]},"createdTime":"0001-01-01T00:00:00Z","lastModifiedTime":"0001-01-01T00:00:00Z","sharedGroupsCount":0,"sharedUsersCount":0,"icons":{"smallIconUri":"/730581327577521314/N0f08ac6a-f969-4fd3-9f8b-6860e8df4bca-small.png","mediumIconUri":"/730581327577521314/Nc0c7e874-e170-4e13-bf77-34429b6fd0b6-medium.png","largeIconUri":"/730581327577521314/N5e4c68e7-913d-4948-b9bb-9f2c6828c219-large.png","wideIconUri":"/730581327577521314/N275ec093-5011-4ef8-a1c3-7c65ae363c9e-wide.png"},"connectionReferences":{"a80e3d56-158e-4a5b-966a-267595e78dc1":{"id":"3e2f0288-fa2c-4097-8172-ed4f6ac49e14","displayName":"SQL Server","iconUri":"https://connectoricons-prod.azureedge.net/releases/v1.0.1465/1.0.1465.2409/sql/icon.png","dataSources":["app.vw_mat_Scenario","app.vw_mat_configured_scenario","app.vw_mat_L1Process","app.vw_mat_L2L3Process"],"dependencies":[],"dependents":["647e70bc-e519-4e9b-966f-65a78450c757","cb84d8de-1063-4104-aa79-96426da66258"],"parameterHints":{},"isOnPremiseConnection":false,"sharedConnectionId":"6e5dcce5-6274-42af-b330-b86a655af5c4","bypassConsent":false,"dataSets":{"admin8837.database.windows.net,Methodology":{"dataSources":{"app.vw_mat_Scenario":{"tableName":"[app].[vw_mat_Scenario]"},"app.vw_mat_configured_scenario":{"tableName":"[app].[vw_mat_configured_scenario]"},"app.vw_mat_L1Process":{"tableName":"[app].[vw_mat_L1Process]"},"app.vw_mat_L2L3Process":{"tableName":"[app].[vw_mat_L2L3Process]"}}}},"apiTier":"Premium","isCustomApiConnection":false,"authenticationType":"sqlAuthentication","endpoints":["admin8837.database.windows.net,Methodology"]},"647e70bc-e519-4e9b-966f-65a78450c757":{"id":"973b88d6-6a86-49c0-acbc-b632bb6778dd","displayName":"Logic flows","iconUri":"https://connectoricons-prod.azureedge.net/releases/v1.0.1438/1.0.1438.2324/logicflows/icon.png","dataSources":["CRUD_Scenario"],"dependencies":["a80e3d56-158e-4a5b-966a-267595e78dc1"],"dependents":[],"parameterHints":{"workflowName":{"value":"0d7c3fc8-41f3-4f18-8c1e-68873c4898e6"},"workflowEntityId":{},"a80e3d56-158e-4a5b-966a-267595e78dc1":{"value":"shared_sql"}},"isOnPremiseConnection":false,"bypassConsent":false,"dataSets":{},"apiTier":"Standard","isCustomApiConnection":false,"actions":["Run"]},"cb84d8de-1063-4104-aa79-96426da66258":{"id":"973b88d6-6a86-49c0-acbc-b632bb6778dd","displayName":"Logic flows","iconUri":"https://connectoricons-prod.azureedge.net/releases/v1.0.1438/1.0.1438.2324/logicflows/icon.png","dataSources":["CRUD_Scenario_Configuration"],"dependencies":["a80e3d56-158e-4a5b-966a-267595e78dc1"],"dependents":[],"parameterHints":{"workflowName":{"value":"dfe4023d-7144-4ab3-9a22-71b49235a838"},"workflowEntityId":{},"a80e3d56-158e-4a5b-966a-267595e78dc1":{"value":"shared_sql"}},"isOnPremiseConnection":false,"bypassConsent":false,"dataSets":{},"apiTier":"Standard","isCustomApiConnection":false,"actions":["Run"]}},"databaseReferences":{},"almMode":"Environment","performanceOptimizationEnabled":true,"canConsumeAppPass":true,"executionRestrictions":{"isTeamsOnly":false,"dataLossPreventionEvaluationResult":{"status":"Compliant","lastEvaluationDate":"2021-05-08T12:41:29.7754006Z","violations":[],"violationsByPolicy":[],"violationErrorMessage":"The app uses the following connectors: ."}}},"isAppComponentLibrary":false,"appType":"ClassicCanvasApp","appComponents":[]}}